title,difficulty,topic,leetcodeUrl,
Two Sum,Easy,Array,https://leetcode.com/problems/two-sum/,
Best Time to Buy and Sell Stock,Easy,Array,https://leetcode.com/problems/best-time-to-buy-and-sell-stock/,
Contains Duplicate,Easy,Array,https://leetcode.com/problems/contains-duplicate/,
Product of Array Except Self,Medium,Array,https://leetcode.com/problems/product-of-array-except-self/,
Maximum Subarray,Easy,Array,https://leetcode.com/problems/maximum-subarray/,
Maximum Product Subarray,Medium,Array,https://leetcode.com/problems/maximum-product-subarray/,
Find Minimum in Rotated Sorted Array,Medium,Binary Search,https://leetcode.com/problems/find-minimum-in-rotated-sorted-array/,
Search in Rotated Sorted Array,Medium,Binary Search,https://leetcode.com/problems/search-in-rotated-sorted-array/,
3Sum,Medium,Array,https://leetcode.com/problems/3sum/,
Container With Most Water,Medium,Two Pointers,https://leetcode.com/problems/container-with-most-water/,
Valid Parentheses,Easy,Stack,https://leetcode.com/problems/valid-parentheses/,
Min Stack,Medium,Stack,https://leetcode.com/problems/min-stack/,
Merge Intervals,Medium,Array,https://leetcode.com/problems/merge-intervals/,
Insert Interval,Medium,Array,https://leetcode.com/problems/insert-interval/,
Rotate Image,Medium,Matrix,https://leetcode.com/problems/rotate-image/,
Set Matrix Zeroes,Medium,Matrix,https://leetcode.com/problems/set-matrix-zeroes/,
Spiral Matrix,Medium,Matrix,https://leetcode.com/problems/spiral-matrix/,
Longest Substring Without Repeating Characters,Medium,String,https://leetcode.com/problems/longest-substring-without-repeating-characters/,
Longest Palindromic Substring,Medium,String,https://leetcode.com/problems/longest-palindromic-substring/,
Group Anagrams,Medium,String,https://leetcode.com/problems/group-anagrams/,
Valid Anagram,Easy,String,https://leetcode.com/problems/valid-anagram/,
Binary Tree Inorder Traversal,Easy,Tree,https://leetcode.com/problems/binary-tree-inorder-traversal/,
Maximum Depth of Binary Tree,Easy,Tree,https://leetcode.com/problems/maximum-depth-of-binary-tree/,
Same Tree,Easy,Tree,https://leetcode.com/problems/same-tree/,
Binary Tree Level Order Traversal,Medium,Tree,BFS,https://leetcode.com/problems/binary-tree-level-order-traversal/
Validate Binary Search Tree,Medium,Tree,https://leetcode.com/problems/validate-binary-search-tree/,
Clone Graph,Medium,Graph,https://leetcode.com/problems/clone-graph/,
Number of Islands,Medium,Graph,https://leetcode.com/problems/number-of-islands/,
Course Schedule,Medium,Graph,https://leetcode.com/problems/course-schedule/,
Word Ladder,Hard,Graph,https://leetcode.com/problems/word-ladder/,
